<?xml version="1.0"?>
<Locations >
  <Project >
    <file_marker column=" 1" line=" 1" >
      <vfs_project>/Users/michael/Desktop/COMP2310/2310Assignment2/Routers_template/routers.gpr</vfs_project>
      <vfs_file>/Users/michael/Desktop/COMP2310/2310Assignment2/Routers_template/Sources/Utilities/id_dispenser.ads</vfs_file>
    </file_marker>
    <file_marker column=" 1" line=" 1" >
      <vfs_project>/Users/michael/Desktop/COMP2310/2310Assignment2/Routers_template/routers.gpr</vfs_project>
      <vfs_file>/Users/michael/Desktop/COMP2310/2310Assignment2/Routers_template/Sources/Utilities/id_dispenser.adb</vfs_file>
    </file_marker>
    <file_marker column=" 4" line=" 9" >
      <vfs_project>/Users/michael/Desktop/COMP2310/2310Assignment2/Routers_template/routers.gpr</vfs_project>
      <vfs_file>/Users/michael/Desktop/COMP2310/2310Assignment2/Routers_template/Sources/Router/generic_router.adb</vfs_file>
    </file_marker>
    <file_marker column=" 20" line=" 30" >
      <vfs_project>/Users/michael/Desktop/COMP2310/2310Assignment2/Routers_template/routers.gpr</vfs_project>
      <vfs_file>/Users/michael/Desktop/COMP2310/2310Assignment2/Routers_template/Sources/Router/generic_router.adb</vfs_file>
    </file_marker>
    <file_marker column=" 1" line=" 1" >
      <vfs_project>/Users/michael/Desktop/COMP2310/2310Assignment2/Routers_template/routers.gpr</vfs_project>
      <vfs_file>/Users/michael/Desktop/COMP2310/2310Assignment2/Routers_template/Sources/test_routers.adb</vfs_file>
    </file_marker>
    <file_marker column=" 1" line=" 1" >
      <vfs_project>/Users/michael/Desktop/COMP2310/2310Assignment2/Routers_template/routers.gpr</vfs_project>
      <vfs_file>/Users/michael/Desktop/COMP2310/2310Assignment2/Routers_template/Sources/Topologies/topologies.adb</vfs_file>
    </file_marker>
    <file_marker column=" 1" line=" 1" >
      <vfs_project>/Users/michael/Desktop/COMP2310/2310Assignment2/Routers_template/routers.gpr</vfs_project>
      <vfs_file>/Users/michael/Desktop/COMP2310/2310Assignment2/Routers_template/Sources/Router/generic_router.adb</vfs_file>
    </file_marker>
    <file_marker column=" 20" line=" 30" >
      <vfs_project>/Users/michael/Desktop/COMP2310/2310Assignment2/Routers_template/routers.gpr</vfs_project>
      <vfs_file>/Users/michael/Desktop/COMP2310/2310Assignment2/Routers_template/Sources/Router/generic_router.adb</vfs_file>
    </file_marker>
    <file_marker column=" 1" line=" 1" >
      <vfs_project>/Users/michael/Desktop/COMP2310/2310Assignment2/Routers_template/routers.gpr</vfs_project>
      <vfs_file>/Users/michael/Desktop/COMP2310/2310Assignment2/Routers_template/Sources/Router/generic_router.ads</vfs_file>
    </file_marker>
    <file_marker column=" 1" line=" 1" >
      <vfs_project>/Users/michael/Desktop/COMP2310/2310Assignment2/Routers_template/routers.gpr</vfs_project>
      <vfs_file>/Users/michael/Desktop/COMP2310/2310Assignment2/Routers_template/Sources/Router/generic_message_structures.ads</vfs_file>
    </file_marker>
    <file_marker column=" 1" line=" 1" >
      <vfs_project>/Users/michael/Desktop/COMP2310/2310Assignment2/Routers_template/routers.gpr</vfs_project>
      <vfs_file>/Users/michael/Desktop/COMP2310/2310Assignment2/Routers_template/Sources/Framework/generic_routers.adb</vfs_file>
    </file_marker>
    <file_marker column=" 1" line=" 1" >
      <vfs_project>/Users/michael/Desktop/COMP2310/2310Assignment2/Routers_template/routers.gpr</vfs_project>
      <vfs_file>/Users/michael/Desktop/COMP2310/2310Assignment2/Routers_template/Sources/Router/generic_router.adb</vfs_file>
    </file_marker>
    <file_marker column=" 1" line=" 1" >
      <vfs_project>/Users/michael/Desktop/COMP2310/2310Assignment2/Routers_template/routers.gpr</vfs_project>
      <vfs_file>/Users/michael/Desktop/COMP2310/2310Assignment2/Routers_template/Sources/Topologies/topologies.adb</vfs_file>
    </file_marker>
    <file_marker column=" 1" line=" 169" >
      <vfs_project>/Users/michael/Desktop/COMP2310/2310Assignment2/Routers_template/routers.gpr</vfs_project>
      <vfs_file>/Users/michael/Desktop/COMP2310/2310Assignment2/Routers_template/Sources/Topologies/topologies.adb</vfs_file>
    </file_marker>
    <file_marker column=" 1" line=" 1" >
      <vfs_project>/Users/michael/Desktop/COMP2310/2310Assignment2/Routers_template/routers.gpr</vfs_project>
      <vfs_file>/Users/michael/Desktop/COMP2310/2310Assignment2/Routers_template/Sources/Topologies/topologies.ads</vfs_file>
    </file_marker>
    <file_marker column=" 1" line=" 1" >
      <vfs_project>/Users/michael/Desktop/COMP2310/2310Assignment2/Routers_template/routers.gpr</vfs_project>
      <vfs_file>/Users/michael/Desktop/COMP2310/2310Assignment2/Routers_template/Sources/Topologies/topologies.adb</vfs_file>
    </file_marker>
    <file_marker column=" 1" line=" 1" >
      <vfs_project>/Users/michael/Desktop/COMP2310/2310Assignment2/Routers_template/routers.gpr</vfs_project>
      <vfs_file>/Users/michael/Desktop/COMP2310/2310Assignment2/Routers_template/Sources/Router/generic_message_structures.ads</vfs_file>
    </file_marker>
    <file_marker column=" 26" line=" 21" >
      <vfs_project>/Users/michael/Desktop/COMP2310/2310Assignment2/Routers_template/routers.gpr</vfs_project>
      <vfs_file>/Users/michael/Desktop/COMP2310/2310Assignment2/Routers_template/Sources/Router/generic_message_structures.ads</vfs_file>
    </file_marker>
    <file_marker column=" 9" line=" 15" >
      <vfs_project>/Users/michael/Desktop/COMP2310/2310Assignment2/Routers_template/routers.gpr</vfs_project>
      <vfs_file>/Users/michael/Desktop/COMP2310/2310Assignment2/Routers_template/Sources/Framework/generic_routers_configuration.ads</vfs_file>
    </file_marker>
    <file_marker column=" 1" line=" 1" >
      <vfs_project>/Users/michael/Desktop/COMP2310/2310Assignment2/Routers_template/routers.gpr</vfs_project>
      <vfs_file>/Users/michael/Desktop/COMP2310/2310Assignment2/Routers_template/Sources/Router/generic_message_structures.ads</vfs_file>
    </file_marker>
    <file_marker column=" 32" line=" 22" >
      <vfs_project>/Users/michael/Desktop/COMP2310/2310Assignment2/Routers_template/routers.gpr</vfs_project>
      <vfs_file>/Users/michael/Desktop/COMP2310/2310Assignment2/Routers_template/Sources/Router/generic_message_structures.ads</vfs_file>
    </file_marker>
    <file_marker column=" 12" line=" 18" >
      <vfs_project>/Users/michael/Desktop/COMP2310/2310Assignment2/Routers_template/routers.gpr</vfs_project>
      <vfs_file>/Users/michael/Desktop/COMP2310/2310Assignment2/Routers_template/Sources/Router/generic_message_structures.ads</vfs_file>
    </file_marker>
    <file_marker column=" 12" line=" 58" >
      <vfs_project />
      <vfs_file>/Users/michael/opt/GNAT/2019/lib/gcc/x86_64-apple-darwin17.7.0/8.3.1/rts-native/adainclude/a-strbou.ads</vfs_file>
    </file_marker>
    <file_marker column=" 1" line=" 1" >
      <vfs_project>/Users/michael/Desktop/COMP2310/2310Assignment2/Routers_template/routers.gpr</vfs_project>
      <vfs_file>/Users/michael/Desktop/COMP2310/2310Assignment2/Routers_template/Sources/Router/generic_message_structures.ads</vfs_file>
    </file_marker>
    <file_marker column=" 1" line=" 1" >
      <vfs_project>/Users/michael/Desktop/COMP2310/2310Assignment2/Routers_template/routers.gpr</vfs_project>
      <vfs_file>/Users/michael/Desktop/COMP2310/2310Assignment2/Routers_template/Sources/Router/generic_router.adb</vfs_file>
    </file_marker>
    <file_marker column=" 1" line=" 1" >
      <vfs_project>/Users/michael/Desktop/COMP2310/2310Assignment2/Routers_template/routers.gpr</vfs_project>
      <vfs_file>/Users/michael/Desktop/COMP2310/2310Assignment2/Routers_template/Sources/Router/generic_router.ads</vfs_file>
    </file_marker>
    <file_marker column=" 1" line=" 1" >
      <vfs_project>/Users/michael/Desktop/COMP2310/2310Assignment2/Routers_template/routers.gpr</vfs_project>
      <vfs_file>/Users/michael/Desktop/COMP2310/2310Assignment2/Routers_template/Sources/Router/generic_router.adb</vfs_file>
    </file_marker>
    <file_marker column=" 1" line=" 1" >
      <vfs_project>/Users/michael/Desktop/COMP2310/2310Assignment2/Routers_template/routers.gpr</vfs_project>
      <vfs_file>/Users/michael/Desktop/COMP2310/2310Assignment2/Routers_template/Sources/Router/generic_message_structures.ads</vfs_file>
    </file_marker>
    <file_marker column=" 1" line=" 1" >
      <vfs_project>/Users/michael/Desktop/COMP2310/2310Assignment2/Routers_template/routers.gpr</vfs_project>
      <vfs_file>/Users/michael/Desktop/COMP2310/2310Assignment2/Routers_template/Sources/Router/generic_router.adb</vfs_file>
    </file_marker>
    <file_marker column=" 1" line=" 1" >
      <vfs_project>/Users/michael/Desktop/COMP2310/2310Assignment2/Routers_template/routers.gpr</vfs_project>
      <vfs_file>/Users/michael/Desktop/COMP2310/2310Assignment2/Routers_template/Sources/Router/generic_message_structures.ads</vfs_file>
    </file_marker>
    <file_marker column=" 1" line=" 1" >
      <vfs_project>/Users/michael/Desktop/COMP2310/2310Assignment2/Routers_template/routers.gpr</vfs_project>
      <vfs_file>/Users/michael/Desktop/COMP2310/2310Assignment2/Routers_template/Sources/Router/generic_router.adb</vfs_file>
    </file_marker>
    <file_marker column=" 1" line=" 1" >
      <vfs_project>/Users/michael/Desktop/COMP2310/2310Assignment2/Routers_template/routers.gpr</vfs_project>
      <vfs_file>/Users/michael/Desktop/COMP2310/2310Assignment2/Routers_template/Sources/Router/generic_router.ads</vfs_file>
    </file_marker>
    <file_marker column=" 1" line=" 1" >
      <vfs_project>/Users/michael/Desktop/COMP2310/2310Assignment2/Routers_template/routers.gpr</vfs_project>
      <vfs_file>/Users/michael/Desktop/COMP2310/2310Assignment2/Routers_template/Sources/Router/generic_router.adb</vfs_file>
    </file_marker>
    <file_marker column=" 1" line=" 1" >
      <vfs_project>/Users/michael/Desktop/COMP2310/2310Assignment2/Routers_template/routers.gpr</vfs_project>
      <vfs_file>/Users/michael/Desktop/COMP2310/2310Assignment2/Routers_template/Sources/Router/generic_router.ads</vfs_file>
    </file_marker>
    <file_marker column=" 18" line=" 34" >
      <vfs_project>/Users/michael/Desktop/COMP2310/2310Assignment2/Routers_template/routers.gpr</vfs_project>
      <vfs_file>/Users/michael/Desktop/COMP2310/2310Assignment2/Routers_template/Sources/Router/generic_router.ads</vfs_file>
    </file_marker>
    <file_marker column=" 17" line=" 25" >
      <vfs_project />
      <vfs_file>/Users/michael/Desktop/COMP2310/2310Assignment2/Routers_template/Sources/Router/generic_router.adb</vfs_file>
    </file_marker>
    <file_marker column=" 36" line=" 19" >
      <vfs_project>/Users/michael/Desktop/COMP2310/2310Assignment2/Routers_template/routers.gpr</vfs_project>
      <vfs_file>/Users/michael/Desktop/COMP2310/2310Assignment2/Routers_template/Sources/Router/generic_router.adb</vfs_file>
    </file_marker>
    <file_marker column=" 9" line=" 19" >
      <vfs_project>/Users/michael/Desktop/COMP2310/2310Assignment2/Routers_template/routers.gpr</vfs_project>
      <vfs_file>/Users/michael/Desktop/COMP2310/2310Assignment2/Routers_template/Sources/Framework/generic_router_links.ads</vfs_file>
    </file_marker>
    <file_marker column=" 1" line=" 1" >
      <vfs_project>/Users/michael/Desktop/COMP2310/2310Assignment2/Routers_template/routers.gpr</vfs_project>
      <vfs_file>/Users/michael/Desktop/COMP2310/2310Assignment2/Routers_template/Sources/Router/generic_router.adb</vfs_file>
    </file_marker>
    <file_marker column=" 45" line=" 19" >
      <vfs_project>/Users/michael/Desktop/COMP2310/2310Assignment2/Routers_template/routers.gpr</vfs_project>
      <vfs_file>/Users/michael/Desktop/COMP2310/2310Assignment2/Routers_template/Sources/Router/generic_router.adb</vfs_file>
    </file_marker>
    <file_marker column=" 9" line=" 19" >
      <vfs_project>/Users/michael/Desktop/COMP2310/2310Assignment2/Routers_template/routers.gpr</vfs_project>
      <vfs_file>/Users/michael/Desktop/COMP2310/2310Assignment2/Routers_template/Sources/Framework/generic_router_links.ads</vfs_file>
    </file_marker>
    <file_marker column=" 1" line=" 1" >
      <vfs_project>/Users/michael/Desktop/COMP2310/2310Assignment2/Routers_template/routers.gpr</vfs_project>
      <vfs_file>/Users/michael/Desktop/COMP2310/2310Assignment2/Routers_template/Sources/Router/generic_message_structures.ads</vfs_file>
    </file_marker>
    <file_marker column=" 1" line=" 1" >
      <vfs_project>/Users/michael/Desktop/COMP2310/2310Assignment2/Routers_template/routers.gpr</vfs_project>
      <vfs_file>/Users/michael/Desktop/COMP2310/2310Assignment2/Routers_template/Sources/Router/generic_router.adb</vfs_file>
    </file_marker>
    <file_marker column=" 1" line=" 1" >
      <vfs_project>/Users/michael/Desktop/COMP2310/2310Assignment2/Routers_template/routers.gpr</vfs_project>
      <vfs_file>/Users/michael/Desktop/COMP2310/2310Assignment2/Routers_template/Sources/Router/generic_message_structures.ads</vfs_file>
    </file_marker>
    <file_marker current="true" column=" 1" line=" 1" >
      <vfs_project>/Users/michael/Desktop/COMP2310/2310Assignment2/Routers_template/routers.gpr</vfs_project>
      <vfs_file>/Users/michael/Desktop/COMP2310/2310Assignment2/Routers_template/Sources/Router/generic_router.adb</vfs_file>
    </file_marker>
  </Project>
</Locations>
